Timestamp,Longitude,Latitude,Altitude,Speed,Course
2024-04-16T07:20:08Z,4.30436816,50.78804539,49.04,0.15,0
2024-04-16T07:20:09Z,4.30418855,50.78801913,48.32,0.17,0
2024-04-16T07:20:33Z,4.30428406,50.78815229,57.39,8.17,0.1
2024-04-16T07:20:35Z,4.30431269,50.78830022,58.38,7.55,0.11
2024-04-16T07:20:37Z,4.30433094,50.78841642,60.71,5.32,0.11
2024-04-16T07:20:40Z,4.30435152,50.78853192,64.97,3.89,0.1
2024-04-16T07:20:43Z,4.30437745,50.78867023,67.4,6.04,0.1
2024-04-16T07:20:45Z,4.30439686,50.78879069,68.38,6.74,0.09
2024-04-16T07:20:47Z,4.30442026,50.78890627,69.56,6.27,0.12
2024-04-16T07:20:49Z,4.30443643,50.78900077,70.55,4.94,0.07
2024-04-16T07:20:52Z,4.30446017,50.78912164,71.04,4.35,0.09
2024-04-16T07:20:55Z,4.30449444,50.78921504,71.49,2.71,0.17
2024-04-16T07:21:00Z,4.30452385,50.78930793,71.44,1.61,0.07
2024-04-16T07:21:10Z,4.30455795,50.78940968,70.37,1.87,0.15
2024-04-16T07:21:14Z,4.30458295,50.78950566,71.25,1.71,0.13
2024-04-16T07:22:07Z,4.30460253,50.78960776,71.89,4.64,0.15
2024-04-16T07:22:09Z,4.3046316,50.78969954,71.82,5.2,0.14
2024-04-16T07:22:12Z,4.3046611,50.78981852,72.11,3.82,0.13
2024-04-16T07:22:16Z,4.30468184,50.78992962,71,3.59,0.14
2024-04-16T07:22:19Z,4.30470503,50.79007504,71.16,6.39,0.08
2024-04-16T07:22:21Z,4.30472388,50.79020887,71.26,7.5,0.11
2024-04-16T07:22:23Z,4.30474206,50.79035511,71.16,8.05,0.11
2024-04-16T07:22:25Z,4.30476267,50.79049155,71.02,6.65,0.12
2024-04-16T07:22:27Z,4.30477676,50.79059635,70.71,5.07,0.11
2024-04-16T07:22:30Z,4.30479512,50.79073068,70.47,5.45,0.11
2024-04-16T07:22:32Z,4.30481389,50.79084385,70.2,7.14,0.11
2024-04-16T07:22:34Z,4.30483939,50.79098375,69.98,8.36,0.12
2024-04-16T07:22:36Z,4.30486813,50.79111953,69.95,7.93,0.11
2024-04-16T07:22:38Z,4.30489122,50.7912452,69.73,6.44,0.16
2024-04-16T07:22:41Z,4.30491146,50.79134721,69.3,1.91,0.04
2024-04-16T07:23:26Z,4.30493613,50.79143894,68.22,5.24,0.19
2024-04-16T07:23:28Z,4.3049896,50.79158595,67.02,7.95,0.22
2024-04-16T07:23:30Z,4.30502707,50.79172937,66.45,7.9,0.12
2024-04-16T07:23:32Z,4.30505476,50.79186008,65.93,7.15,0.13
2024-04-16T07:23:35Z,4.30511636,50.79197607,65.55,4.07,0.29
2024-04-16T07:23:38Z,4.3051871,50.7920816,65.32,4.76,0.44
2024-04-16T07:23:41Z,4.30527432,50.79219357,65.44,4.66,0.71
2024-04-16T07:23:43Z,4.30537683,50.79225893,65.57,4.97,1.06
2024-04-16T07:23:46Z,4.30554232,50.79230382,66.11,3.55,1.58
2024-04-16T07:23:49Z,4.30571175,50.79230942,66.84,3.92,1.62
2024-04-16T07:23:54Z,4.30585601,50.79231616,66.75,1.59,1.87
2024-04-16T07:23:57Z,4.30609587,50.79233773,66.04,8.63,1.45
2024-04-16T07:23:58Z,4.30624053,50.79234461,65.75,10.31,1.47
2024-04-16T07:23:59Z,4.30640552,50.79234913,65.6,11.75,1.5
2024-04-16T07:24:00Z,4.30658732,50.79235179,65.44,12.7,1.5
2024-04-16T07:24:01Z,4.30677318,50.79235122,65.22,12.75,1.48
2024-04-16T07:24:02Z,4.30695683,50.7923691,65.04,12.05,1.42
2024-04-16T07:24:03Z,4.30713924,50.79240662,65.14,12.22,1.35
2024-04-16T07:24:04Z,4.3073154,50.79244499,65.25,12.17,1.3
2024-04-16T07:24:05Z,4.30748754,50.7924876,65.37,12.12,1.26
2024-04-16T07:24:06Z,4.30765279,50.79252829,65.28,11.85,1.21
2024-04-16T07:24:07Z,4.30781128,50.79256708,65.24,11.81,1.21
2024-04-16T07:24:08Z,4.30796864,50.79260591,65.21,11.98,1.2
2024-04-16T07:24:09Z,4.30812426,50.79264323,65.23,11.75,1.2
2024-04-16T07:24:10Z,4.30827562,50.79267253,65.32,11.46,1.25
2024-04-16T07:24:11Z,4.30842551,50.79270743,65.46,11.54,1.22
2024-04-16T07:24:12Z,4.30857733,50.79274713,65.45,11.84,1.2
2024-04-16T07:24:13Z,4.30872995,50.79278888,65.51,11.89,1.17
2024-04-16T07:24:14Z,4.30888222,50.79283483,65.47,11.96,1.14
2024-04-16T07:24:15Z,4.30903006,50.79288167,65.42,11.65,1.11
2024-04-16T07:24:16Z,4.30917437,50.79293093,65.41,11.6,1.08
2024-04-16T07:24:17Z,4.3093179,50.7929835,65.39,11.67,1.05
2024-04-16T07:24:18Z,4.30946459,50.79303788,65.45,12.01,1.05
2024-04-16T07:24:19Z,4.30961689,50.79309381,65.65,12.28,1.06
2024-04-16T07:24:20Z,4.30977307,50.7931477,65.76,12.38,1.07
2024-04-16T07:24:21Z,4.30992837,50.79319961,65.98,12.06,1.08
2024-04-16T07:24:22Z,4.31007656,50.79324659,66.13,11.53,1.08
2024-04-16T07:24:23Z,4.31021921,50.79329086,66.03,10.87,1.08
2024-04-16T07:24:24Z,4.31035786,50.79333557,65.96,10.64,1.09
2024-04-16T07:24:25Z,4.31049228,50.79337911,65.94,10.52,1.09
2024-04-16T07:24:27Z,4.31075377,50.79345725,66.11,10.18,1.09
2024-04-16T07:24:29Z,4.31099947,50.79352822,66.1,9.51,1.1
2024-04-16T07:24:31Z,4.31123673,50.79359853,65.78,9.21,1.1
2024-04-16T07:24:33Z,4.31146864,50.79366112,65.46,8.83,1.12
2024-04-16T07:24:35Z,4.31167979,50.79372174,65.33,8.01,1.12
2024-04-16T07:24:38Z,4.31197356,50.79378871,64.93,7.49,1.11
2024-04-16T07:24:41Z,4.31224363,50.79386327,64.9,6.92,1.1
2024-04-16T07:24:43Z,4.31239785,50.79392982,64.5,6.2,1.06
2024-04-16T07:24:46Z,4.31259882,50.79401629,64.08,5.34,1.04
2024-04-16T07:24:48Z,4.31272603,50.79406683,64.12,4.85,1.04
2024-04-16T07:24:51Z,4.31288197,50.79411584,63.8,3.6,1.08
2024-04-16T07:24:56Z,4.31301556,50.79417958,64.62,2.54,1
2024-04-16T07:24:59Z,4.31311885,50.79424933,64.72,3.13,1.03
2024-04-16T07:25:02Z,4.31326527,50.79431578,64.77,4.04,1.03
2024-04-16T07:25:04Z,4.31340252,50.79438412,64.77,5.34,1.04
2024-04-16T07:25:06Z,4.31358684,50.79446067,64.68,7,1
2024-04-16T07:25:08Z,4.31379958,50.79452782,64.66,8.15,1.08
2024-04-16T07:25:10Z,4.31403999,50.79459787,64.73,9.19,1.11
2024-04-16T07:25:11Z,4.31416733,50.79464339,64.52,9.62,1.1
2024-04-16T07:25:12Z,4.31429869,50.79468255,64.48,9.87,1.12
2024-04-16T07:25:13Z,4.31445061,50.7947377,64.63,10.7,1.11
2024-04-16T07:25:14Z,4.31460681,50.79477946,64.76,11.35,1.13
2024-04-16T07:25:15Z,4.31475538,50.7948273,64.82,11.81,1.13
2024-04-16T07:25:16Z,4.31491412,50.79487256,65.02,12.21,1.13
2024-04-16T07:25:17Z,4.31508189,50.79492365,65.2,12.63,1.13
2024-04-16T07:25:18Z,4.31525686,50.79498113,65.47,13.13,1.13
2024-04-16T07:25:19Z,4.31544203,50.79504576,65.84,13.67,1.12
2024-04-16T07:25:20Z,4.3156337,50.79510359,66.38,13.87,1.11
2024-04-16T07:25:21Z,4.31580515,50.79515307,66.75,13.42,1.1
2024-04-16T07:25:22Z,4.31595925,50.7952122,66.96,12.98,1.08
2024-04-16T07:25:23Z,4.31611529,50.79527313,67,12.65,1.08
2024-04-16T07:25:24Z,4.31626855,50.79532665,66.99,12.37,1.09
2024-04-16T07:25:25Z,4.31641689,50.79536598,67.05,11.88,1.11
2024-04-16T07:25:26Z,4.31655058,50.79540401,67.13,11.27,1.12
2024-04-16T07:25:28Z,4.31679388,50.79547305,67,9.96,1.12
2024-04-16T07:25:30Z,4.31695086,50.7955161,66.47,7.05,1.08
2024-04-16T07:25:33Z,4.31712902,50.79553198,65.97,4.91,1.21
2024-04-16T07:25:36Z,4.3173116,50.79554985,67.27,3.93,1.35
2024-04-16T07:25:39Z,4.31748608,50.79554534,69.09,4.13,1.7
2024-04-16T07:25:42Z,4.3176703,50.79547337,70.01,4.78,2.15
2024-04-16T07:25:44Z,4.31781947,50.79544244,70.27,4.96,1.93
2024-04-16T07:25:47Z,4.3180036,50.79548712,70.24,3.71,0.82
2024-04-16T07:25:50Z,4.31806063,50.79557155,69.71,2.61,0.18
2024-04-16T07:26:11Z,4.31817044,50.79565379,68.72,3.95,1.25
2024-04-16T07:26:13Z,4.31831366,50.79566585,68.49,5.59,1.49
2024-04-16T07:26:15Z,4.31850421,50.79569468,68.26,7.14,1.35
2024-04-16T07:26:17Z,4.31875821,50.79574854,68.11,9.39,1.32
2024-04-16T07:26:18Z,4.31890529,50.79577447,68.24,10.29,1.34
2024-04-16T07:26:19Z,4.31906311,50.79579687,68.4,11.09,1.36
2024-04-16T07:26:20Z,4.31923116,50.79581589,68.51,11.86,1.4
2024-04-16T07:26:21Z,4.31939831,50.79583217,68.57,11.8,1.42
2024-04-16T07:26:22Z,4.31955886,50.79584174,68.48,11.41,1.44
2024-04-16T07:26:23Z,4.3197181,50.79585459,68.34,11.21,1.44
2024-04-16T07:26:24Z,4.31986584,50.79586574,68.37,10.77,1.45
2024-04-16T07:26:26Z,4.32011417,50.79587609,68.45,9.22,1.47
2024-04-16T07:26:28Z,4.32027508,50.79587989,68.99,6.27,1.59
2024-04-16T07:26:30Z,4.32047349,50.79589553,69.46,7.4,1.54
2024-04-16T07:26:32Z,4.32071319,50.79591794,70.22,8.97,1.43
2024-04-16T07:26:33Z,4.32085991,50.79591855,70.5,9.79,1.48
2024-04-16T07:26:34Z,4.32100803,50.79590602,70.84,10.04,1.57
2024-04-16T07:26:36Z,4.32128586,50.7959058,70.75,9.28,1.53
2024-04-16T07:26:38Z,4.32154967,50.79593626,70.26,9.05,1.45
2024-04-16T07:26:40Z,4.32181916,50.79595194,70.08,9.24,1.46
2024-04-16T07:26:41Z,4.32195793,50.79597585,69.87,9.39,1.41
2024-04-16T07:26:42Z,4.32212098,50.7959795,69.82,9.88,1.42
2024-04-16T07:26:43Z,4.3222657,50.79598726,69.72,9.99,1.43
2024-04-16T07:26:44Z,4.32241038,50.79600021,69.49,9.92,1.43
2024-04-16T07:26:45Z,4.32255923,50.79601069,69.39,9.83,1.42
2024-04-16T07:26:47Z,4.3228204,50.79603089,69.26,8.78,1.4
2024-04-16T07:26:49Z,4.32304658,50.79604863,68.67,8.16,1.4
2024-04-16T07:26:51Z,4.32326006,50.79608363,67.66,7.57,1.3
2024-04-16T07:26:53Z,4.3234696,50.79611925,66.87,7.47,1.36
2024-04-16T07:26:55Z,4.32363592,50.79611762,66.51,5.9,1.57
2024-04-16T07:26:57Z,4.32379502,50.79611642,66.35,5.38,1.63
2024-04-16T07:27:00Z,4.32394712,50.79612495,66.87,3.77,1.53
2024-04-16T07:27:05Z,4.32410742,50.79610997,66.81,1.16,1.59
2024-04-16T07:27:14Z,4.32421673,50.79603104,65.5,3.59,1.79
2024-04-16T07:27:17Z,4.32440563,50.7960344,64.5,4.79,1.6
2024-04-16T07:27:19Z,4.32453864,50.79607176,64.64,4.21,1.55
2024-04-16T07:27:22Z,4.32469056,50.79611519,65.39,3.19,1.53
2024-04-16T07:27:25Z,4.32483567,50.7961028,65.95,4,1.64
2024-04-16T07:27:28Z,4.32500857,50.79608844,66.35,4.1,1.69
2024-04-16T07:27:32Z,4.32519004,50.79610311,66.88,3.24,1.63
2024-04-16T07:27:35Z,4.32535529,50.79610438,67.45,3.85,1.62
2024-04-16T07:27:38Z,4.32552419,50.79610448,68.12,3.52,1.59
2024-04-16T07:27:54Z,4.32562756,50.79601707,72.9,1.85,0.92
2024-04-16T07:27:57Z,4.3258023,50.79605115,75.03,3.97,1.55
2024-04-16T07:27:59Z,4.32595035,50.79607276,76.21,4.49,1.51
2024-04-16T07:28:01Z,4.32609138,50.79609852,76.98,4.33,1.49
2024-04-16T07:28:04Z,4.32625714,50.79613968,77.81,2.95,1.43
2024-04-16T07:28:08Z,4.3263848,50.79618106,78.26,2.11,1.4
2024-04-16T07:28:12Z,4.32653485,50.79622437,78.75,3.13,1.45
2024-04-16T07:28:16Z,4.32668557,50.79623572,78.74,2.66,1.5
2024-04-16T07:28:26Z,4.32681538,50.79619384,76.84,0.9,1.95
2024-04-16T07:28:30Z,4.32694141,50.7961419,75.21,3.07,2
2024-04-16T07:28:33Z,4.32715926,50.7961033,74.28,5.18,1.87
2024-04-16T07:28:35Z,4.32733852,50.79609095,74.01,5.48,1.81
2024-04-16T07:28:37Z,4.32749288,50.79613076,74.55,4.39,1.55
2024-04-16T07:28:40Z,4.32765846,50.79618323,75.71,3.57,1.03
2024-04-16T07:28:43Z,4.32783681,50.79623091,76.72,4.95,1.21
2024-04-16T07:28:45Z,4.328001,50.79625122,76.78,5.85,1.3
2024-04-16T07:28:47Z,4.32817051,50.79629539,76.88,6.08,1.25
2024-04-16T07:28:49Z,4.32833307,50.7963484,76.94,6.04,1.2
2024-04-16T07:28:51Z,4.32848821,50.79640916,77.37,5.81,1.19
2024-04-16T07:29:20Z,4.32841986,50.79652214,76.92,0.98,0.47
2024-04-16T07:29:23Z,4.32854974,50.79661212,73.91,4.41,1.04
2024-04-16T07:29:25Z,4.32871593,50.79664112,72.51,5.39,1.1
2024-04-16T07:29:27Z,4.32890939,50.79664997,70.83,6.22,1.1
2024-04-16T07:29:29Z,4.32910395,50.79669582,70.96,6.58,1.16
2024-04-16T07:29:31Z,4.32929404,50.79675296,72.08,6.53,1.17
2024-04-16T07:29:33Z,4.32944563,50.79681447,72.51,6.58,1.07
2024-04-16T07:29:35Z,4.32961024,50.79686607,72.86,6.28,1.07
2024-04-16T07:29:37Z,4.32979707,50.79692108,73.84,6.49,1.05
2024-04-16T07:29:39Z,4.32999699,50.79698238,74.22,7.7,1.04
2024-04-16T07:29:41Z,4.3302154,50.79705068,75.37,7.89,1.05
2024-04-16T07:29:43Z,4.33038386,50.79711009,76.13,6.64,1.04
2024-04-16T07:29:45Z,4.33052082,50.79715499,77.25,5.43,1
2024-04-16T07:29:48Z,4.33070064,50.79717351,79.12,4.85,1.29
2024-04-16T07:29:51Z,4.33093791,50.79721994,80.24,6.44,1.31
2024-04-16T07:29:53Z,4.33111613,50.79726193,80.26,6.61,1.21
2024-04-16T07:29:55Z,4.33128762,50.79730767,80.19,6.7,1.04
2024-04-16T07:29:57Z,4.33142723,50.79739379,79.82,5.58,0.75
2024-04-16T07:30:00Z,4.33157618,50.79749162,79.96,5.47,0.77
2024-04-16T07:30:02Z,4.33171732,50.79757076,80.39,6.62,0.79
2024-04-16T07:30:04Z,4.33184737,50.79765753,80.01,7.04,0.73
2024-04-16T07:30:06Z,4.3319872,50.79776873,78.9,7.73,0.74
2024-04-16T07:30:08Z,4.33212275,50.79787121,78.55,7.6,0.7
2024-04-16T07:30:10Z,4.33220628,50.79795746,77.66,6.53,0.59
2024-04-16T07:30:13Z,4.3323185,50.79805648,77.42,5.42,0.65
2024-04-16T07:30:15Z,4.33243142,50.79811224,77.14,5.63,0.79
2024-04-16T07:30:17Z,4.33257673,50.79819066,76.4,6.29,0.84
2024-04-16T07:30:19Z,4.33273961,50.79832092,75.97,7,0.77
2024-04-16T07:30:21Z,4.33287448,50.79840358,75.76,7.11,0.71
2024-04-16T07:30:23Z,4.33301317,50.79853239,76.18,7.41,0.68
2024-04-16T07:30:25Z,4.33314641,50.79864092,76.49,7.46,0.7
2024-04-16T07:30:27Z,4.33331033,50.79875208,76.66,8.03,0.79
2024-04-16T07:30:29Z,4.33346765,50.79887466,77.7,7.7,0.83
2024-04-16T07:30:31Z,4.33359264,50.79896739,78.38,6.15,0.86
2024-04-16T07:30:33Z,4.3337062,50.79904048,78.45,5.43,0.88
2024-04-16T07:30:35Z,4.33383375,50.79910851,78.67,6.23,0.8
2024-04-16T07:30:37Z,4.33398141,50.79919708,79.44,7.27,0.74
2024-04-16T07:30:39Z,4.33417343,50.79931128,80.82,8.48,0.73
2024-04-16T07:30:41Z,4.33436155,50.79943317,81.92,8.87,0.73
2024-04-16T07:30:43Z,4.3345258,50.79953639,82.7,8.04,0.78
2024-04-16T07:30:45Z,4.33471286,50.79963401,82.6,8.25,0.86
2024-04-16T07:30:47Z,4.33492963,50.79973349,82.43,8.43,0.87
2024-04-16T07:30:49Z,4.33513407,50.79978148,82.3,7.26,1.09
2024-04-16T07:30:51Z,4.33531496,50.79983464,82.78,6.19,1.05
2024-04-16T07:30:53Z,4.33544308,50.79989872,82.96,5.25,0.94
2024-04-16T07:31:41Z,4.33560793,50.79992193,85.58,4.44,1.14
2024-04-16T07:31:43Z,4.33573674,50.79996735,86.2,5.19,1.09
2024-04-16T07:31:45Z,4.33588695,50.80000831,86.42,5.43,1.14
2024-04-16T07:31:47Z,4.33604306,50.80005833,86.84,5.8,1.12
2024-04-16T07:31:49Z,4.33618806,50.80012992,87.43,5.91,1.02
2024-04-16T07:31:51Z,4.33636168,50.80019504,88.58,6.11,1
2024-04-16T07:31:53Z,4.33652057,50.80025076,89.08,5.47,0.95
2024-04-16T07:31:55Z,4.33664932,50.80030774,89.09,5.27,0.93
2024-04-16T07:31:57Z,4.33680146,50.80037195,89.17,6.14,0.97
2024-04-16T07:31:59Z,4.33693929,50.80044035,89.18,5.6,0.91
2024-04-16T07:32:02Z,4.33706372,50.80048902,88.74,2.82,0.65
2024-04-16T07:32:06Z,4.33719895,50.80051863,89.13,3.61,1.13
2024-04-16T07:32:08Z,4.33733641,50.80056,89.64,5.86,1.06
2024-04-16T07:32:10Z,4.33749104,50.80060302,88.94,5.46,0.99
2024-04-16T07:32:12Z,4.33762268,50.80066982,88.06,5.37,0.83
2024-04-16T07:32:14Z,4.33771476,50.80074601,87.72,4.77,0.73
2024-04-16T07:32:17Z,4.33785709,50.80081362,88.6,4.38,0.93
2024-04-16T07:32:20Z,4.33798206,50.80087119,89.32,4.26,0.97
2024-04-16T07:32:23Z,4.33815552,50.80095089,88.93,5.6,0.84
2024-04-16T07:32:25Z,4.33828013,50.80102089,89.09,5.81,0.85
2024-04-16T07:32:27Z,4.33845203,50.80109126,89.41,6.56,0.92
2024-04-16T07:32:29Z,4.33864143,50.80116838,89.45,7.22,0.96
2024-04-16T07:32:31Z,4.33883567,50.80126585,89.27,7.83,0.95
2024-04-16T07:32:33Z,4.3390477,50.80134972,89.27,8.06,0.98
2024-04-16T07:32:35Z,4.33925644,50.80142982,90.17,7.18,0.96
2024-04-16T07:32:37Z,4.33935442,50.80156089,91.2,5.82,0.87
2024-04-16T07:32:39Z,4.33954306,50.80154397,91.16,5.11,1.27
2024-04-16T07:32:41Z,4.33971107,50.8015271,92.38,4.89,1.47
2024-04-16T07:32:43Z,4.33987554,50.80155283,92.51,6.06,1.15
2024-04-16T07:32:45Z,4.34003712,50.80161512,92.79,6.43,1.09
2024-04-16T07:32:47Z,4.34018427,50.80166881,92.99,5.74,1.13
2024-04-16T07:32:49Z,4.34033319,50.80171012,93.08,5.47,1.25
2024-04-16T07:32:52Z,4.34050337,50.8016831,93.96,2.65,1.78
2024-04-16T07:32:56Z,4.34063048,50.80174199,93.57,3.77,0.35
2024-04-16T07:33:00Z,4.34060348,50.80186152,94.01,3.21,6.15
2024-04-16T07:33:03Z,4.34061804,50.80196532,94.28,3.33,0.27
2024-04-16T07:33:16Z,4.34067664,50.80205083,94.35,3.14,0.44
2024-04-16T07:33:19Z,4.34073972,50.8021401,96.78,4.92,0.37
2024-04-16T07:33:21Z,4.34079879,50.80225354,97.66,7.14,0.37
2024-04-16T07:33:23Z,4.34087882,50.80240983,98.3,9.04,0.38
2024-04-16T07:33:24Z,4.34092211,50.80250209,98.46,9.61,0.34
2024-04-16T07:33:25Z,4.34096721,50.80260357,98.58,9.66,0.33
2024-04-16T07:33:26Z,4.34101253,50.80268936,99.12,8.68,0.32
2024-04-16T07:33:28Z,4.34107904,50.80285885,98.84,8.52,0.43
2024-04-16T07:33:30Z,4.34115702,50.8030135,99.69,8.68,0.43
2024-04-16T07:33:32Z,4.34123468,50.80315729,101.02,7.99,0.4
2024-04-16T07:33:34Z,4.34129326,50.80326251,100.88,2.92,0.44
2024-04-16T07:33:42Z,4.34136201,50.8033588,99.6,4.46,0.43
2024-04-16T07:33:45Z,4.3414609,50.80345272,99.34,3.71,0.5
2024-04-16T07:33:49Z,4.34154726,50.80353599,99.05,3.39,0.37
2024-04-16T07:33:52Z,4.34163385,50.803626,99.06,4.48,0.42
2024-04-16T07:33:55Z,4.34171211,50.80373505,99.37,4.14,0.31
2024-04-16T07:33:58Z,4.34177579,50.80383764,99.79,3.94,0.33
2024-04-16T07:34:01Z,4.34187335,50.803951,100.19,5.07,0.49
2024-04-16T07:34:03Z,4.34194718,50.80405374,100.6,6.02,0.48
2024-04-16T07:34:05Z,4.34201622,50.80416445,100.48,6.52,0.41
2024-04-16T07:34:07Z,4.34207808,50.80428006,100.58,6.76,0.36
2024-04-16T07:34:09Z,4.34213539,50.80441491,100.89,7.68,0.28
2024-04-16T07:34:11Z,4.34220083,50.80457483,100.44,8.5,0.36
2024-04-16T07:34:13Z,4.34229353,50.80473609,100.42,9.16,0.4
2024-04-16T07:34:15Z,4.34236444,50.80488028,101.01,8.62,0.33
2024-04-16T07:34:17Z,4.34245349,50.80504412,101.63,9.54,0.34
2024-04-16T07:34:18Z,4.34250253,50.80512892,101.95,9.53,0.37
2024-04-16T07:34:19Z,4.34256026,50.80521896,102.51,9.9,0.38
2024-04-16T07:34:20Z,4.34261895,50.80531231,103.07,10.22,0.36
2024-04-16T07:34:21Z,4.34267567,50.80539922,103.51,10.2,0.37
2024-04-16T07:34:22Z,4.34273494,50.80548391,104.11,10.13,0.38
2024-04-16T07:34:23Z,4.34279489,50.80556567,104.81,10.03,0.4
2024-04-16T07:34:25Z,4.34290289,50.80572994,106.77,9.89,0.39
2024-04-16T07:34:27Z,4.34297427,50.80589682,108.93,9.14,0.36
2024-04-16T07:34:29Z,4.3430629,50.80603226,110.5,7.2,0.36
2024-04-16T07:34:31Z,4.34312319,50.80612847,111.73,4.41,0.39
2024-04-16T07:34:34Z,4.34319984,50.80626194,113.45,5.93,0.39
2024-04-16T07:34:36Z,4.34328285,50.80639082,114.71,8.34,0.44
2024-04-16T07:34:38Z,4.34336948,50.80654735,116,9.23,0.34
2024-04-16T07:34:39Z,4.34343926,50.80663022,116.53,10.23,0.38
2024-04-16T07:34:40Z,4.34350594,50.80671193,117.06,10.44,0.42
2024-04-16T07:34:41Z,4.34357575,50.80679616,117.55,10.95,0.41
2024-04-16T07:34:42Z,4.34363377,50.80689094,118.48,11.44,0.39
2024-04-16T07:34:43Z,4.34368248,50.80698666,119.29,11.5,0.34
2024-04-16T07:34:44Z,4.34373184,50.80707862,120.04,11.23,0.35
2024-04-16T07:34:46Z,4.34383057,50.80722995,122.03,9.9,0.4
2024-04-16T07:34:48Z,4.34393931,50.80737077,123.11,10.09,0.38
2024-04-16T07:34:50Z,4.34405251,50.807515,124,8.22,0.39
2024-04-16T07:34:56Z,4.3441034,50.80760794,125.98,1.87,0.41
2024-04-16T07:34:59Z,4.34415602,50.80769993,126.7,5.33,0.24
2024-04-16T07:35:01Z,4.34421635,50.8078082,127.06,7.12,0.45
2024-04-16T07:35:03Z,4.34429341,50.80792945,128.08,7.63,0.43
2024-04-16T07:35:06Z,4.34443749,50.80813172,129.81,8.35,0.35
2024-04-16T07:35:08Z,4.34453365,50.80828282,130.53,10.01,0.38
2024-04-16T07:35:09Z,4.34458579,50.80837252,131.07,11.05,0.32
2024-04-16T07:35:10Z,4.34464506,50.80846021,131.89,11.41,0.35
2024-04-16T07:35:11Z,4.34470167,50.80855514,132.55,11.16,0.37
2024-04-16T07:35:12Z,4.34475464,50.80864872,133.54,10.76,0.39
2024-04-16T07:35:13Z,4.34481173,50.80874095,134.22,10.84,0.39
2024-04-16T07:35:14Z,4.34487309,50.8088273,135.12,10.55,0.42
2024-04-16T07:35:15Z,4.3449274,50.80891436,135.52,10.32,0.34
2024-04-16T07:35:16Z,4.34497942,50.80899927,135.84,10.14,0.35
2024-04-16T07:35:17Z,4.34503716,50.80908852,136.36,10.79,0.33
2024-04-16T07:35:18Z,4.34509274,50.80918232,136.61,10.95,0.36
2024-04-16T07:35:19Z,4.34515163,50.8092834,136.78,11,0.38
2024-04-16T07:35:20Z,4.34521345,50.80937737,136.96,10.47,0.41
2024-04-16T07:35:21Z,4.34527397,50.80946775,137.16,10.27,0.39
2024-04-16T07:35:22Z,4.34533267,50.80955738,137.24,10.35,0.37
2024-04-16T07:35:23Z,4.34539585,50.80964488,137.26,10.12,0.38
2024-04-16T07:35:24Z,4.34545624,50.80972973,137.26,9.76,0.37
2024-04-16T07:35:26Z,4.34554962,50.80988791,137.75,8.76,0.27
2024-04-16T07:35:28Z,4.34561476,50.81003016,138.37,7.8,0.26
2024-04-16T07:35:30Z,4.34566317,50.8101317,139.13,5.98,0.23
2024-04-16T07:35:51Z,4.34577346,50.81021095,142.49,4.98,0.53
2024-04-16T07:35:53Z,4.34586023,50.81028937,144.14,6.23,0.3
2024-04-16T07:35:55Z,4.34594872,50.81040475,144.83,8.48,0.37
2024-04-16T07:35:57Z,4.34603195,50.81055098,145.28,9.13,0.32
2024-04-16T07:35:59Z,4.34610497,50.81070676,145.9,9.23,0.35
2024-04-16T07:36:01Z,4.34618632,50.81086526,146.98,9.42,0.34
2024-04-16T07:36:03Z,4.34627289,50.81102865,147.67,9.61,0.34
2024-04-16T07:36:05Z,4.34636303,50.81120003,148.42,9.99,0.34
2024-04-16T07:36:06Z,4.34642918,50.81128346,149.08,10.2,0.39
2024-04-16T07:36:07Z,4.34651589,50.81135691,150.34,10.12,0.41
2024-04-16T07:36:08Z,4.34658132,50.81143731,151.38,10.2,0.39
2024-04-16T07:36:10Z,4.34666678,50.81160233,153.65,9.23,0.34
2024-04-16T07:36:12Z,4.34672923,50.81176303,156.23,8.91,0.34
2024-04-16T07:36:14Z,4.34680144,50.81192884,156.22,8.92,0.28
2024-04-16T07:36:15Z,4.34685688,50.81201678,155.97,9.64,0.4
2024-04-16T07:36:16Z,4.34691226,50.81210703,155.08,9.99,0.4
2024-04-16T07:36:17Z,4.34696569,50.81219713,154.77,10.12,0.35
2024-04-16T07:36:18Z,4.34701352,50.81228979,154.36,9.9,0.36
2024-04-16T07:36:19Z,4.34705987,50.81237739,154.16,9.41,0.34
2024-04-16T07:36:21Z,4.34715218,50.8125315,154.39,8.13,0.31
2024-04-16T07:36:23Z,4.34726015,50.81265362,155.26,7.16,0.41
2024-04-16T07:36:25Z,4.34733646,50.81277257,155.35,6.61,0.42
2024-04-16T07:36:27Z,4.3473889,50.81287533,156.48,5.33,0.34
2024-04-16T07:36:31Z,4.34740814,50.81297093,157.41,1.32,6.2
2024-04-16T07:36:38Z,4.34744699,50.81305851,159.82,1.23,0.41
2024-04-16T07:36:51Z,4.347528,50.81313987,160.81,1.46,0.41
2024-04-16T07:37:00Z,4.34752068,50.81324934,160.6,1.82,0.04
2024-04-16T07:37:06Z,4.34758051,50.81334519,160.81,4.22,0.45
2024-04-16T07:37:08Z,4.34767516,50.81341357,161.25,4.91,0.67
2024-04-16T07:37:10Z,4.34778005,50.81348789,161.58,4.78,0.58
2024-04-16T07:37:13Z,4.34784968,50.81361779,162.09,4.9,6.17
2024-04-16T07:37:15Z,4.34785045,50.81373125,162.2,5.8,0.02
2024-04-16T07:37:17Z,4.3479529,50.813855,162.03,7.23,0.4
2024-04-16T07:37:19Z,4.34804715,50.81397641,161.74,6.79,0.42
2024-04-16T07:37:21Z,4.34812256,50.81408063,161.7,6.17,0.46
2024-04-16T07:37:23Z,4.34819594,50.8141907,161.47,6.33,0.38
2024-04-16T07:37:25Z,4.34825481,50.8142989,161.27,6.45,0.31
2024-04-16T07:37:27Z,4.34831439,50.81440127,161.12,6.42,0.36
2024-04-16T07:37:29Z,4.34838144,50.81450928,160.88,7,0.35
2024-04-16T07:37:31Z,4.34845364,50.81463316,160.72,7.64,0.34
2024-04-16T07:37:33Z,4.34853358,50.81476806,160.53,7.8,0.33
2024-04-16T07:37:35Z,4.34861273,50.81489772,160.45,7.33,0.35
2024-04-16T07:37:37Z,4.34868441,50.81503006,159.7,7.24,0.34
2024-04-16T07:37:39Z,4.34874388,50.81515122,158.96,6.88,0.31
2024-04-16T07:37:41Z,4.34882442,50.81526971,157.6,7.63,0.34
2024-04-16T07:37:43Z,4.34890255,50.81540562,156.01,8.18,0.31
2024-04-16T07:37:45Z,4.3490005,50.81553682,154.42,7.8,0.34
2024-04-16T07:37:47Z,4.3490902,50.81563775,153.47,6.26,0.38
2024-04-16T07:37:50Z,4.34920997,50.8157083,152.84,1.76,0.78
2024-04-16T07:38:01Z,4.34929806,50.81579009,150.84,4.26,0.31
2024-04-16T07:38:04Z,4.34935644,50.81591774,150.35,4.85,0.28
2024-04-16T07:38:07Z,4.34943663,50.81602865,151.1,5.26,0.36
2024-04-16T07:38:09Z,4.34950089,50.81612169,150.99,5.95,0.41
2024-04-16T07:38:11Z,4.34957415,50.8162254,149.91,6.45,0.33
2024-04-16T07:38:13Z,4.34962663,50.81634338,149.28,6.95,0.24
2024-04-16T07:38:15Z,4.34967489,50.81645773,148.75,6.53,0.27
2024-04-16T07:38:17Z,4.34972191,50.81656424,148.66,6.04,0.26
2024-04-16T07:38:19Z,4.34979637,50.81666633,148.76,6.15,0.33
2024-04-16T07:38:21Z,4.34988984,50.81676093,148.4,5.88,0.39
2024-04-16T07:38:23Z,4.3499474,50.81684602,148.07,4.37,0.29
2024-04-16T07:38:32Z,4.3501098,50.8168981,145.42,3.23,1.62
2024-04-16T07:38:34Z,4.3502568,50.81687564,144.81,5.77,1.87
2024-04-16T07:38:36Z,4.35045568,50.81687119,143.7,6.65,1.64
2024-04-16T07:38:38Z,4.35070201,50.81685255,142.35,7.72,1.76
2024-04-16T07:38:41Z,4.3510569,50.81680759,140.1,7.72,1.83
2024-04-16T07:38:43Z,4.35131453,50.81677269,139,7.86,1.86
2024-04-16T07:38:46Z,4.3517056,50.81677479,137.48,8.18,1.73
2024-04-16T07:38:48Z,4.35192859,50.81676445,136.75,6.43,1.73
2024-04-16T07:38:50Z,4.35207245,50.81679956,135.79,3.12,1.67
2024-04-16T07:38:56Z,4.35216702,50.81687019,135.94,2.7,1.36
2024-04-16T07:38:58Z,4.35231913,50.81687414,135.99,5.47,1.61
2024-04-16T07:39:00Z,4.35252406,50.81685728,135.84,7.1,1.77
2024-04-16T07:39:02Z,4.35273753,50.81686025,135.4,7.2,1.72
2024-04-16T07:39:04Z,4.35297734,50.81683992,134.88,8.74,1.68
2024-04-16T07:39:06Z,4.35321854,50.81683675,134.18,8.18,1.66
2024-04-16T07:39:08Z,4.35340627,50.81682297,133.64,5.59,1.81
2024-04-16T07:39:14Z,4.3535803,50.81680887,134.03,4.36,2.15
2024-04-16T07:39:16Z,4.35370047,50.81669813,135.31,5.88,2.35
2024-04-16T07:39:18Z,4.35382404,50.81657615,136.55,6.23,2.46
2024-04-16T07:39:20Z,4.35393139,50.81650722,137.76,4.29,2.28
2024-04-16T07:39:23Z,4.35408026,50.81654259,138.68,3.88,0.49
2024-04-16T07:39:26Z,4.3541032,50.81663804,138.14,2.1,0.14
2024-04-16T07:39:30Z,4.35422233,50.81674171,136.39,5.83,0.67
2024-04-16T07:39:32Z,4.35435137,50.81680884,135.25,6.22,0.79
2024-04-16T07:39:34Z,4.35445894,50.81688153,134.88,5.06,0.68
2024-04-16T07:39:37Z,4.35460324,50.81696754,134.27,5,1.05
2024-04-16T07:39:39Z,4.35475994,50.81699534,133.56,5.76,1.2
2024-04-16T07:39:41Z,4.35492775,50.81703141,133.21,6.32,1.18
2024-04-16T07:39:43Z,4.35507533,50.8170812,133.05,5.76,1.02
2024-04-16T07:39:45Z,4.35518318,50.81714834,133.07,4.52,0.67
2024-04-16T07:39:49Z,4.35528698,50.81721131,132.99,1.51,1.85
2024-04-16T07:39:54Z,4.35546314,50.81719266,133.05,2.1,2.05
2024-04-16T07:39:57Z,4.35559536,50.81715886,132.76,3.47,2.1
2024-04-16T07:39:59Z,4.35577942,50.81708795,132.35,7.84,2.08
2024-04-16T07:40:01Z,4.35602558,50.81703455,131.95,8.77,2.04
2024-04-16T07:40:02Z,4.3561604,50.81700366,131.75,9.18,2.04
2024-04-16T07:40:03Z,4.35629309,50.81696902,131.67,9.52,2.03
2024-04-16T07:40:04Z,4.35642851,50.81692825,131.3,9.67,2.05
2024-04-16T07:40:05Z,4.35657983,50.81688697,130.66,9.88,2.03
2024-04-16T07:40:06Z,4.35671586,50.81685233,130.53,9.59,2.02
2024-04-16T07:40:08Z,4.35698923,50.81681064,128.99,8.43,1.93
2024-04-16T07:40:10Z,4.35720646,50.81679468,127.27,5.96,1.86
2024-04-16T07:40:13Z,4.3573533,50.81680793,125.82,2.47,1.17
2024-04-16T07:40:17Z,4.35754346,50.81680718,124.91,5.04,1.47
2024-04-16T07:40:19Z,4.35770329,50.81683204,124.39,6.42,1.29
2024-04-16T07:40:21Z,4.35792832,50.81686592,124.17,8.2,1.23
2024-04-16T07:40:23Z,4.3581435,50.81692729,124.32,8.37,1.18
2024-04-16T07:40:25Z,4.35833178,50.81698147,124.02,7.04,1.14
2024-04-16T07:40:27Z,4.35849835,50.81700665,124.03,6.14,1.22
2024-04-16T07:40:29Z,4.35863765,50.81704437,124.1,5.24,1.2
2024-04-16T07:40:31Z,4.35881248,50.81709529,124.33,6.74,1.21
2024-04-16T07:40:33Z,4.35901655,50.81713322,124.6,7.76,1.27
2024-04-16T07:40:35Z,4.35924464,50.81718153,124.67,7.94,1.23
2024-04-16T07:40:37Z,4.3594888,50.81724395,124.9,8.12,1.21
2024-04-16T07:40:39Z,4.35970396,50.81729499,125.25,6.82,1.24
2024-04-16T07:40:41Z,4.35985945,50.81733282,125.91,4.93,1.51
2024-04-16T07:40:44Z,4.3600065,50.81736918,126.26,6.23,1.28
2024-04-16T07:40:46Z,4.36020723,50.81743398,127.14,7.99,1.21
2024-04-16T07:40:48Z,4.3604315,50.81751012,127.88,8.22,1.07
2024-04-16T07:40:50Z,4.36068646,50.81755537,128.38,8.57,1.19
2024-04-16T07:40:52Z,4.36093364,50.81761507,128.49,8.78,1.18
2024-04-16T07:40:54Z,4.36117949,50.81770032,128.84,9.03,1.17
2024-04-16T07:40:55Z,4.36131837,50.81773837,129.15,9.29,1.2
2024-04-16T07:40:56Z,4.36145072,50.81777194,129.38,8.93,1.22
2024-04-16T07:40:58Z,4.36168414,50.81784179,130.02,8.71,1.2
2024-04-16T07:41:00Z,4.36192097,50.81789797,129.77,8.17,1.33
2024-04-16T07:41:02Z,4.36212274,50.81796392,129.47,7.78,1.07
2024-04-16T07:41:04Z,4.36231772,50.81803123,128.86,6.21,0.91
2024-04-16T07:41:06Z,4.36246515,50.8180716,127.92,4.79,0.92
2024-04-16T07:41:09Z,4.36263975,50.81811665,126.62,3.73,1.04
2024-04-16T07:41:12Z,4.3627963,50.81811378,126.62,4.2,1.88
2024-04-16T07:41:15Z,4.36298809,50.81810085,126.88,3.36,1.66
2024-04-16T07:41:18Z,4.36314896,50.81816043,128.06,3.77,0.58
2024-04-16T07:41:21Z,4.36325231,50.81827481,128.13,4.84,0.47
2024-04-16T07:41:23Z,4.36332945,50.81836001,128.4,5.14,0.63
2024-04-16T07:41:25Z,4.36344473,50.81844067,129.22,5.94,0.94
2024-04-16T07:41:28Z,4.36365135,50.81847459,128.99,4.71,1.58
2024-04-16T07:41:30Z,4.36379941,50.81847933,128.58,4.05,1.6
2024-04-16T07:41:33Z,4.36396868,50.81849886,128.34,3.32,1.45
2024-04-16T07:41:35Z,4.36411096,50.81850137,128.22,4.32,1.58
2024-04-16T07:41:37Z,4.36426261,50.81851137,128.01,4.32,1.6
2024-04-16T07:41:40Z,4.36443094,50.81853,127.71,2.3,1.45
2024-04-16T07:41:44Z,4.3645827,50.81855333,127.67,2.3,1.4
2024-04-16T07:41:49Z,4.36473098,50.81858856,126.63,2.36,1.25
2024-04-16T07:41:52Z,4.36489684,50.81860848,125.82,3.81,1.65
2024-04-16T07:41:54Z,4.3650184,50.81871752,125.88,1.28,1.1
2024-04-16T07:42:30Z,4.36519314,50.8187702,126.37,4.23,1.3
2024-04-16T07:42:32Z,4.36535972,50.81877391,126.7,6.5,1.58
2024-04-16T07:42:34Z,4.36555072,50.81878183,126.97,6.52,1.44
2024-04-16T07:42:36Z,4.36574324,50.81879442,127.52,6.63,1.47
2024-04-16T07:42:38Z,4.36595073,50.81880335,128.96,6.41,1.43
2024-04-16T07:42:40Z,4.36612144,50.81881815,129.82,5.95,1.44
2024-04-16T07:42:42Z,4.36627328,50.81883118,130.29,5.15,1.52
2024-04-16T07:42:45Z,4.36642676,50.81885274,130.07,2.86,1.81
2024-04-16T07:42:52Z,4.36647996,50.8189462,131.12,0,6.25
2024-04-16T07:43:20Z,4.36665392,50.81894831,130.6,2.1,1.68
2024-04-16T07:43:25Z,4.3668025,50.81893887,129.91,1.38,1.67
2024-04-16T07:43:30Z,4.36697829,50.8189372,129.66,2.72,1.53
2024-04-16T07:43:34Z,4.36714983,50.8189595,130,1.98,1.13
2024-04-16T07:43:40Z,4.36731826,50.81897538,132.07,1.59,1.55
2024-04-16T07:43:44Z,4.36746309,50.8189795,133.74,1.87,1.6
2024-04-16T07:44:52Z,4.36761451,50.81898585,135.82,2.35,1.03
2024-04-16T07:44:55Z,4.36778212,50.81898116,136.36,3.73,1.61
2024-04-16T07:44:58Z,4.3679262,50.81897883,136.94,2.38,1.46
2024-04-16T07:45:25Z,4.36808791,50.81900239,136.89,1.16,1.25
2024-04-16T07:45:29Z,4.36823893,50.81903579,136.42,2.88,0.88
2024-04-16T07:45:32Z,4.3683823,50.81906982,135.85,3.25,1.35
2024-04-16T07:45:36Z,4.36854706,50.81907488,136.1,1.83,1.53
2024-04-16T07:46:08Z,4.36869277,50.81910339,136.14,2.09,1.46
2024-04-16T07:46:12Z,4.36889246,50.8191274,135.53,4.8,1.44
2024-04-16T07:46:14Z,4.36905292,50.81913559,135.12,5.25,1.53
2024-04-16T07:46:17Z,4.36922725,50.81913583,134.87,2.17,1.53
2024-04-16T07:46:21Z,4.36937099,50.81913767,135.17,2.22,1.59
2024-04-16T07:46:30Z,4.36951078,50.8191793,136.74,1.27,2.47
2024-04-16T07:46:35Z,4.36961591,50.81925861,134.57,0,0.85
2024-04-16T07:47:37Z,4.36977261,50.81928515,133.84,5.08,1.44
2024-04-16T07:47:39Z,4.36994243,50.81929278,133.9,6.44,1.51
2024-04-16T07:47:41Z,4.37015482,50.8192983,134.06,7.74,1.52
2024-04-16T07:47:43Z,4.37036703,50.81931712,134.14,7.26,1.46
2024-04-16T07:47:45Z,4.37055013,50.81932801,133.95,6.2,1.31
2024-04-16T07:47:48Z,4.37071808,50.8193715,133.29,1.96,1.3
2024-04-16T07:47:52Z,4.37077045,50.81925925,132.63,6.8,3.14
2024-04-16T07:47:54Z,4.37080459,50.81909571,132.48,9.49,2.92
2024-04-16T07:47:56Z,4.37086297,50.81892844,132.9,8.95,2.88
2024-04-16T07:47:57Z,4.37090521,50.81884102,133.21,9.33,2.86
2024-04-16T07:47:58Z,4.37093915,50.81874967,133.62,9.7,2.91
2024-04-16T07:47:59Z,4.37097828,50.81865217,133.88,10.24,2.91
2024-04-16T07:48:00Z,4.37102794,50.81855599,134.24,10.23,2.87
2024-04-16T07:48:02Z,4.3711025,50.81838358,134.77,9.94,2.89
2024-04-16T07:48:04Z,4.37121187,50.81821135,134.96,10.12,2.78
2024-04-16T07:48:05Z,4.37127901,50.81812292,135.13,10.27,2.71
2024-04-16T07:48:06Z,4.37136922,50.81803364,135.17,10.69,2.57
2024-04-16T07:48:07Z,4.37147423,50.81794572,135.11,11.22,2.45
2024-04-16T07:48:08Z,4.37156625,50.81786958,135.2,10.83,2.35
2024-04-16T07:48:09Z,4.37167771,50.8177953,135.42,11.28,2.25
2024-04-16T07:48:10Z,4.37180482,50.81773289,135.64,10.92,2.15
2024-04-16T07:48:11Z,4.3719416,50.81767477,135.71,10.11,2.06
2024-04-16T07:48:12Z,4.37207909,50.81762365,135.92,9.22,2.03
2024-04-16T07:48:14Z,4.3723071,50.81754305,135.32,8.32,2.08
2024-04-16T07:48:16Z,4.37251437,50.81745646,135.8,7.95,2.1
2024-04-16T07:48:18Z,4.37270207,50.81733518,137.03,7.91,2.25
2024-04-16T07:48:19Z,4.37278402,50.81726062,138.19,7.88,2.28
2024-04-16T07:48:21Z,4.3729287,50.81715263,138.37,6.86,2.19
2024-04-16T07:48:23Z,4.37308296,50.81708102,138.71,6.61,2.2
2024-04-16T07:48:25Z,4.37326436,50.81699982,138.87,7.07,2.15
2024-04-16T07:48:27Z,4.37344461,50.81695487,139.21,7,2.1
2024-04-16T07:48:29Z,4.37362444,50.81690875,139.13,6.82,2.1
2024-04-16T07:48:31Z,4.3737904,50.8168326,138.81,6.7,2.13
2024-04-16T07:48:33Z,4.37395368,50.81675811,138.18,6.68,2.14
2024-04-16T07:48:35Z,4.37411526,50.81668769,137.86,6.72,2.08
2024-04-16T07:48:37Z,4.37427358,50.81660214,137.61,5.98,2.14
2024-04-16T07:48:40Z,4.37443493,50.81656653,138.97,3.6,2.17
2024-04-16T07:49:55Z,4.37459993,50.81656317,141.39,5.43,2.07
2024-04-16T07:49:57Z,4.37476764,50.81650698,141.79,7.26,2.07
2024-04-16T07:49:59Z,4.37498908,50.81640481,141.96,9.12,2.14
2024-04-16T07:50:01Z,4.37521651,50.81632629,142.69,8.56,2.14
2024-04-16T07:50:03Z,4.3754053,50.8162539,142.61,7.45,2.14
2024-04-16T07:50:05Z,4.37557931,50.81618842,142.03,7.49,2.13
2024-04-16T07:50:07Z,4.37575417,50.81611239,140.69,7.26,2.24
2024-04-16T07:50:09Z,4.37587955,50.81603485,139.63,5.18,2.44
2024-04-16T07:50:13Z,4.37597591,50.81593622,138.19,2.98,2.63
2024-04-16T07:50:16Z,4.37606623,50.81584694,137.31,5.27,2.57
2024-04-16T07:50:18Z,4.37615323,50.81573548,137.07,7.83,2.69
2024-04-16T07:50:20Z,4.37625566,50.81559328,136.71,9.21,2.71
2024-04-16T07:50:22Z,4.3763823,50.81542275,136.55,10.41,2.7
2024-04-16T07:50:23Z,4.3764478,50.81533342,136.28,10.53,2.7
2024-04-16T07:50:24Z,4.37651535,50.81523803,136.14,11.17,2.71
2024-04-16T07:50:25Z,4.37658593,50.81513969,136.09,11.64,2.72
2024-04-16T07:50:26Z,4.37665663,50.81503944,136.1,11.73,2.73
2024-04-16T07:50:27Z,4.37672866,50.81494006,136.14,11.79,2.71
2024-04-16T07:50:28Z,4.37680236,50.81484632,136.16,11.6,2.68
2024-04-16T07:50:29Z,4.37687395,50.81475647,136.27,11.45,2.67
2024-04-16T07:50:30Z,4.37694882,50.81467061,136.33,11.09,2.65
2024-04-16T07:50:31Z,4.37702149,50.81458015,136.42,11.29,2.68
2024-04-16T07:50:32Z,4.37709021,50.81448933,136.65,11.11,2.7
2024-04-16T07:50:33Z,4.37715724,50.81440127,136.64,11.1,2.72
2024-04-16T07:50:34Z,4.37723489,50.81430351,136.64,11.42,2.71
2024-04-16T07:50:35Z,4.37730243,50.81420224,136.61,11.78,2.73
2024-04-16T07:50:36Z,4.37736933,50.81410792,136.7,11.61,2.74
2024-04-16T07:50:37Z,4.3774318,50.81401636,136.79,11.37,2.74
2024-04-16T07:50:38Z,4.37750125,50.81392728,136.97,11.18,2.71
2024-04-16T07:50:39Z,4.3775604,50.81383905,137.03,10.88,2.74
2024-04-16T07:50:40Z,4.37762983,50.81375459,136.96,10.77,2.71
2024-04-16T07:50:42Z,4.37774504,50.8136175,137.17,9.92,2.68
2024-04-16T07:50:43Z,4.3778032,50.81353187,137.33,9.99,2.69
2024-04-16T07:50:44Z,4.37789292,50.81341335,138.14,10.81,2.66
2024-04-16T07:50:45Z,4.37799324,50.81331031,138.6,11.67,2.58
2024-04-16T07:50:46Z,4.37807606,50.81321463,138.78,11.81,2.56
2024-04-16T07:50:47Z,4.37816119,50.81310808,138.84,11.7,2.61
